                  epoch,         train/box_loss,         train/cls_loss,         train/dfl_loss,   metrics/precision(B),      metrics/recall(B),       metrics/mAP50(B),    metrics/mAP50-95(B),           val/box_loss,           val/cls_loss,           val/dfl_loss,                 lr/pg0,                 lr/pg1,                 lr/pg2
                      0,                 3.6399,                 4.9509,                 4.1316,                0.30295,                0.22756,                0.15147,                0.04328,                 2.4812,                 7.3835,                 2.5608,               0.070156,               0.003316,               0.003316
                      1,                 2.1484,                  1.651,                 1.8334,                0.64833,                0.55422,                0.55541,                0.21571,                 1.8095,                 10.851,                 1.3828,                0.03884,              0.0053327,              0.0053327
                      2,                 1.5878,                  1.101,                 1.2874,                0.90848,                  0.796,                0.88424,                 0.4698,                 1.2954,                 12.386,                 1.0568,              0.0062031,              0.0060295,              0.0060295
                      3,                   1.28,                0.82484,                 1.1246,                0.92848,                0.85156,                0.92841,                 0.5739,                 1.0428,                 3.4997,                0.96608,                0.00406,                0.00406,                0.00406
                      4,                 1.1359,                0.71164,                 1.0611,                0.92991,                0.92571,                 0.9674,                0.65083,                0.89283,                 4.5132,                0.88783,                0.00406,                0.00406,                0.00406
